أهم الصفحات,النقرات,عدد الظهور,نسبة النقر إلى الظهور,موضع
https://www.kardeslercihangir.com/,39,2322,1.68%,4.72
http://kardeslercihangir.com/,21,865,2.43%,5.14
http://www.kardeslercihangir.com/,8,534,1.5%,2.93
http://kardeslercihangir.com/menu/,6,214,2.8%,6.96
https://www.kardeslercihangir.com/ar/best-kebab-taksim,5,32,15.62%,6.25
https://www.kardeslercihangir.com/best-kebab-taksim,3,44,6.82%,7.66
https://www.kardeslercihangir.com/tr/best-kebab-taksim,2,75,2.67%,8.47
http://kardeslercihangir.com/urun-kategori/kebap/page/2/,2,22,9.09%,3.18
https://www.kardeslercihangir.com/ru/best-kebab-taksim,2,21,9.52%,6.24
https://www.kardeslercihangir.com/about,1,115,0.87%,5.39
https://www.kardeslercihangir.com/menu,1,108,0.93%,7.45
https://www.kardeslercihangir.com/fr/best-kebab-taksim,1,48,2.08%,7.29
https://www.kardeslercihangir.com/en/design-development,1,19,5.26%,2.79
https://www.kardeslercihangir.com/fa/best-kebab-taksim,1,10,10%,7.8
http://kardeslercihangir.com/urun-etiketi/beyti_kebap/,1,3,33.33%,6.67
http://kardeslercihangir.com/urun/alti-ezmeli-kebap/,0,91,0%,10.43
http://kardeslercihangir.com/urun/tavuk-sis-durum/,0,53,0%,9.09
http://kardeslercihangir.com/urun/kiremit-kebap/,0,39,0%,8.87
https://kardeslercihangir.com/fr/best-kebab-taksim,0,15,0%,6.53
http://kardeslercihangir.com/urun/adana-urfa-kebap/,0,12,0%,8.17
http://kardeslercihangir.com/urun/serpme-kahvalti-2-kisilik/,0,11,0%,10.27
http://kardeslercihangir.com/urun/kuzu-sis-durum/,0,11,0%,11.36
http://kardeslercihangir.com/urun-kategori/kebap/,0,9,0%,3.11
http://kardeslercihangir.com/urun-kategori/kahvalti/,0,9,0%,3.22
http://kardeslercihangir.com/urun/karisik-kebap/,0,9,0%,9.33
http://kardeslercihangir.com/urun/ezogelin-corba/,0,6,0%,7.33
http://kardeslercihangir.com/urun-etiketi/adana_urfa_kebap/,0,5,0%,3.4
http://kardeslercihangir.com/urun/domatesli-kebap/,0,5,0%,7.2
http://kardeslercihangir.com/urun/beyti-kebap/,0,5,0%,7.8
http://kardeslercihangir.com/urun/tavuk-kanat/,0,5,0%,9.4
https://kardeslercihangir.com/turkish-breakfast-cihangir,0,4,0%,3.25
http://kardeslercihangir.com/urun/iskender-kebap/,0,4,0%,8.5
https://www.kardeslercihangir.com/dish/su,0,3,0%,2
https://www.kardeslercihangir.com/it/menu,0,3,0%,2
http://kardeslercihangir.com/urun/sucuklu-yumurta/,0,3,0%,9.67
http://kardeslercihangir.com/urun/cigkofte-durum/,0,3,0%,10.67
http://kardeslercihangir.com/urun/menemen/,0,2,0%,4
http://kardeslercihangir.com/urun/sahanda-yumurta/,0,2,0%,6.5
http://kardeslercihangir.com/urun/kahvalti-tabagi/,0,2,0%,9
http://kardeslercihangir.com/urun/kavurmali-yumurta/,0,2,0%,9
http://kardeslercihangir.com/urun/tavuk-sis-izgara/,0,2,0%,9.5
http://kardeslercihangir.com/urun/yogurtlu-kebap/,0,2,0%,20.5
https://www.kardeslercihangir.com/ar/dish/karisik_meze_tabagi,0,1,0%,1
https://kardeslercihangir.com/ar/dish/otlu_yogurtlu_meze,0,1,0%,2
https://kardeslercihangir.com/fr/dish/kasarli_sucuklu_pide,0,1,0%,2
http://kardeslercihangir.com/urun/omlet/,0,1,0%,3
https://kardeslercihangir.com/en/design-development,0,1,0%,6
http://kardeslercihangir.com/urun/inegol-kofte/,0,1,0%,10
http://kardeslercihangir.com/urun/kuzu-sis-kebap/,0,1,0%,10
http://kardeslercihangir.com/urun/patlicanli-kebap/,0,1,0%,10
http://kardeslercihangir.com/urun/adana-durum/,0,1,0%,11