أهم طلبات البحث,النقرات,عدد الظهور,نسبة النقر إلى الظهور,موضع
kardeşler kebap cihangir,25,140,17.86%,1.32
kardeşler kebap,4,404,0.99%,3.75
kardesler kebap cafe,3,19,15.79%,1.42
kardeşler cihangir,2,17,11.76%,1
kardesler kebap cihangir menüsü,2,7,28.57%,1.71
kardeşler kebap & cafe cihangir - istanbul,1,67,1.49%,1.03
cihangir lahmacun,1,67,1.49%,1.9
kardeşler lokantası,1,61,1.64%,1.64
kardeşler kebab,1,16,6.25%,1.75
kardeşler pide,0,182,0%,8.46
kardeşler lahmacun,0,147,0%,7.89
altı ezmeli kebap,0,71,0%,10.54
kardeşler pide lahmacun,0,57,0%,7.35
cihangir kebap,0,54,0%,1.74
kardesler,0,44,0%,4.64
kardeşler kebap salonu,0,41,0%,3.76
kardeşler döner,0,31,0%,1.35
kiremit kebap,0,30,0%,9.27
tavuk şiş dürüm,0,30,0%,9.5
kardesler pide,0,29,0%,8.38
kardeşler restaurant,0,23,0%,5.65
cihangir restaurant,0,21,0%,9.48
kardeşler dürüm,0,19,0%,1.53
cihangir kebap istanbul,0,18,0%,7.56
kardesler kebap cihangir yorumları,0,17,0%,7.59
cihangir kardeşler kebap,0,16,0%,1
cihangir kebab,0,15,0%,3
kardeşler pide salonu,0,14,0%,7.93
ünlü kardeşler kebap,0,13,0%,1.77
kardesler kebap,0,13,0%,2.54
kardeşler lahmacun pide,0,12,0%,5.08
cihangir pide,0,12,0%,8.08
kardeşler restoran,0,12,0%,9.33
cihangir yemek,0,11,0%,2.64
cihangir kebapçı,0,10,0%,1.4
kardesler kebab,0,9,0%,3.11
kardeşler pide kebap,0,9,0%,7.22
kardeşler kebab salonu,0,8,0%,5.62
kardeşler yemek,0,8,0%,6.25
cihangir ev yemekleri pide,0,8,0%,9.5
kebap,0,7,0%,1.43
cihangir lokanta,0,7,0%,3.29
kardeşler yemek salonu,0,7,0%,9.29
kardeşler çorba,0,7,0%,10
kardesler restaurant,0,6,0%,4.67
tavuk sis dürüm,0,6,0%,8.67
karışık kebap,0,6,0%,10
kardesler lahmacun,0,6,0%,11.33
kuzu şiş dürüm,0,6,0%,11.83
kardesler kebap cihangir,0,5,0%,1
kardeşler ızgara,0,5,0%,1.2
cihangir pide lahmacun,0,5,0%,1.4
kardes,0,5,0%,2.6
kardesler lokantasi,0,5,0%,2.6
lahmacun near me,0,5,0%,2.8
kardeşler cafe,0,5,0%,7
kardesler pide lahmacun,0,5,0%,8
alti ezmeli kebab,0,5,0%,9.8
2 kişilik serpme kahvaltı,0,4,0%,1
kardeşler kebap lahmacun,0,4,0%,3.75
kardeşler kenap,0,4,0%,3.75
kardeşler lokanta,0,4,0%,4.5
kardeşler kebap kurtuluş,0,4,0%,7
cihangir döner,0,4,0%,8.5
kardeşler kahvaltı,0,4,0%,8.5
cihangir restoran,0,4,0%,9.75
kardeşler kebap menü,0,4,0%,10
alti ezmeli kebap,0,4,0%,10.5
cihangir restoranlar,0,4,0%,11
en yakın yemek yerleri,0,3,0%,1.67
kardeşler künefe,0,3,0%,1.67
kardeşler çağ kebap,0,3,0%,1.67
kardeşlerim kebap,0,3,0%,1.67
öz kardeşler kebap,0,3,0%,1.67
lokanta,0,3,0%,3
kardeşler kebap pide lahmacun,0,3,0%,4.33
kardesler pide salonu,0,3,0%,5
karde,0,3,0%,7
kardeşler 2 pide ve kebap salonu,0,3,0%,8
kardeşler pide kebap salonu,0,3,0%,8.33
kardeşler kebap salonu fotoğraflar,0,3,0%,9
kardeş pide,0,3,0%,10
tavuk sis durum,0,3,0%,10.33
yogurtlu kebab,0,3,0%,10.33
kardeşler lahmacun telefon numarası,0,3,0%,11
kardeşler ğide,0,3,0%,11
kiremitte kebap,0,3,0%,11
taksim kebapçı,0,3,0%,11.67
cihangir yemek yerleri,0,3,0%,12.33
best kebab taksim,0,3,0%,21.67
cihangir köfteci,0,2,0%,1
kardeşler ciğer,0,2,0%,1
kebab,0,2,0%,1
çorbacı 400 m içinde,0,2,0%,1
öz kardeşler lahmacun,0,2,0%,1
can kardeşler kebap,0,2,0%,1.5
en yakın yemek,0,2,0%,1.5
kardeşler keb,0,2,0%,1.5
lahmacun 800 m içinde,0,2,0%,1.5
cıhangır kebap,0,2,0%,2
iskender kebab,0,2,0%,2
kardeşler telefon numarası,0,2,0%,2
yemek,0,2,0%,2
köfte cihangir,0,2,0%,3.5
kardeşler pise,0,2,0%,5
kardeşler restoran menü,0,2,0%,5
cihangir pide lahmacun telefon,0,2,0%,5.5
kardeşler etli pide,0,2,0%,8
kardeşler menü,0,2,0%,8
kahvaltı tabağı görseli,0,2,0%,9
kardeşler kanat,0,2,0%,9
altı ezmeli,0,2,0%,9.5
kardeşler kebap ızgara,0,2,0%,11
alti ezmeli,0,2,0%,11.5
adana urfa kebap fiyatları,0,2,0%,12
kardeşler pide çapa,0,2,0%,12
kardeşim kebap menü,0,2,0%,27
kardeşim kebap,0,2,0%,28.5
cuppa cihangir,0,2,0%,31
cihangir restaurants,0,2,0%,34
avcılar cihangir lahmacun,0,1,0%,1
beyti kebab,0,1,0%,1
bulunduğum konuma en yakın yemek yerleri,0,1,0%,1
can kardeşler,0,1,0%,1
cihangir dönerci,0,1,0%,1
cihangir köfte,0,1,0%,1
etli etmek,0,1,0%,1
iskender istanbul,0,1,0%,1
istanbul kardeşler lokantası,0,1,0%,1
kardesler döner,0,1,0%,1
kardesler grill,0,1,0%,1
kardeşler doner,0,1,0%,1
kardeşler lokantası fotoğraflar,0,1,0%,1
kardeşler ocakbaşı,0,1,0%,1
kardeşler pide ve lahmacun,0,1,0%,1
kebap lahmacun,0,1,0%,1
kebapçı cihangir,0,1,0%,1
okmeydanı lahmacun,0,1,0%,1
restaurants near me,0,1,0%,1
taş kardeşler,0,1,0%,1
yakın yemek,0,1,0%,1
yemek near me,0,1,0%,1
yemek yeri en yakın,0,1,0%,1
yemek yerleri,0,1,0%,1
yemk,0,1,0%,1
öz cihangir kebap,0,1,0%,1
öz kardeşler döner,0,1,0%,1
cihangir de ne yenir,0,1,0%,2
cihangir kebap adana,0,1,0%,2
doner kebab,0,1,0%,2
en yakın etli ekmek,0,1,0%,2
en yakın yemek yeri,0,1,0%,2
etli ekmek,0,1,0%,2
iskender kebab istanbul,0,1,0%,2
kardeslar,0,1,0%,2
kardesler durum,0,1,0%,2
kardesler kebap salonu,0,1,0%,2
kardeşler döner numarası,0,1,0%,2
kardeşler etli ekmek,0,1,0%,2
kardeşler kebap avcılar,0,1,0%,2
kardeşler pide telefon,0,1,0%,2
kardeşler ızgara kebap,0,1,0%,2
kebapçı iskender,0,1,0%,2
pide near me,0,1,0%,2
bulunduğum konumda yemek yenecek yerler,0,1,0%,3
kardeşler kebap evi,0,1,0%,3
konuma yakın yemek yerleri,0,1,0%,3
taksim fırın,0,1,0%,3
yakınlarda yemek yerleri,0,1,0%,3
best doner istanbul,0,1,0%,4
cihangir kebap adana menü,0,1,0%,4
cihangir kebap fiyat listesi,0,1,0%,4
istanbul kebapçı,0,1,0%,4
kebab near me,0,1,0%,4
kebaplar,0,1,0%,4
syrian restaurant istanbul,0,1,0%,4
tepsi pizza,0,1,0%,4
food near me,0,1,0%,5
istanbul kebap,0,1,0%,5
yes kardeşler,0,1,0%,5
best kebab in istanbul,0,1,0%,6
beyoğlu kebapçılar,0,1,0%,6
beyti kebab turkey,0,1,0%,6
istanbul lahmacun,0,1,0%,6
kan kardeşler,0,1,0%,6
kardeşler et lokantası,0,1,0%,6
kardeşler kahvaltı salonu,0,1,0%,6
yoghurt kebab,0,1,0%,6
"-site:facebook.com -site:fb.me -site:youtube.com -site:youtu.be 
-site:youtube.be -site:twitter.com -site:instagram.com -site:tiktok.com 
-site:vm.tiktok.com -site:t.co -site:x.com -site:reddit.com ""ticket 
restaurant""",0,1,0%,7
altı ezmeli kebabı,0,1,0%,7
beyoğlu kebapçı,0,1,0%,7
cihangir mekan,0,1,0%,7
cihangir restaurant istanbul,0,1,0%,7
kardeş kebabı,0,1,0%,7
şahintepe kardeşler,0,1,0%,7
cihangir en iyi mekanlar,0,1,0%,8
cihangir kahvaltı,0,1,0%,8
cihangir menü,0,1,0%,8
iskender kebap,0,1,0%,8
kardeşler kasap,0,1,0%,8
kardeşlerin,0,1,0%,8
kebab authentique,0,1,0%,8
minced meat pide,0,1,0%,8
pide istanbul,0,1,0%,8
pide kebab,0,1,0%,8
adana urfa dürüm,0,1,0%,9
cihangir kafe,0,1,0%,9
cihangir restorant,0,1,0%,9
istanbul etli ekmek,0,1,0%,9
kardeşler kebap yeşilkent,0,1,0%,9
karışık kebab,0,1,0%,9
kiremit beyti,0,1,0%,9
altıezmeli,0,1,0%,10
cihangir hopa,0,1,0%,10
cihangirkebap,0,1,0%,10
kardeşler pide lahmacun salonu,0,1,0%,10
kuzu şiş kebap,0,1,0%,10
مشويات تقسيم,0,1,0%,10
domatesli kebap,0,1,0%,11
kardesim,0,1,0%,11
kardeşler kebap & lahmacun,0,1,0%,11
kebapçı taksim,0,1,0%,11
çiğköfte dürüm,0,1,0%,11
dürüm tavuk şiş,0,1,0%,12
kardeşler pi,0,1,0%,12
kardeşler restorant,0,1,0%,12
kardeşler çöp şiş,0,1,0%,12
kebab taksim,0,1,0%,12
altı ezme kebap,0,1,0%,13
cihangir çiğköfte,0,1,0%,13
kardeşler etli ekmek salonu,0,1,0%,13
kardeşler pide menü,0,1,0%,13
лучший кебаб в стамбуле,0,1,0%,13
kardeşler pide kebap çapa,0,1,0%,14
kardeşler çapa,0,1,0%,14
kardeşler dürüm evi,0,1,0%,15
dal kardeşler,0,1,0%,16
kardeşler arzu pide,0,1,0%,16
hopa cihangir,0,1,0%,17
kardeşler döner ivedik,0,1,0%,17
kardeşler pide sultangazi,0,1,0%,17
cangül pide,0,1,0%,18
as ünlü kardeşler,0,1,0%,19
kardeşler tokat kebabı,0,1,0%,19
kardeşler pide ve kebap salonu,0,1,0%,20
kardeşler çin lokantası,0,1,0%,20
cihangir fırın,0,1,0%,23
aydın kardeşler beylikbağı,0,1,0%,24
coşkun kardeşler pide,0,1,0%,24
kardeşler arzu pide kebap,0,1,0%,24
can kardeşler pide,0,1,0%,25
dönerci kardeşler,0,1,0%,26
sucuoğlu ayazağa,0,1,0%,26
firuzağa kahvesi,0,1,0%,28
kardeşler pilav,0,1,0%,32
kardeşler restaurant karaincir,0,1,0%,33
kardeşim kebap koşuyolu menü,0,1,0%,35
can kardeşler döner,0,1,0%,36
kardeşler işkembe,0,1,0%,37
kardeşler motel,0,1,0%,46
restaurant cihangir istanbul,0,1,0%,51
istanbul döner,0,1,0%,71